id;start_date;end_date;language
1;2024-02-04T21:40:31;2024-02-04T19:23:59;SPANISH
2;2024-02-04T16:18:15;2024-02-05T04:26:00;ENGLISH
3;2024-02-04T17:36:25;2024-02-05T03:50:44;FRENCH
4;2024-02-04T23:56:06;2024-02-04T21:42:44;SPANISH
5;2024-02-05T10:22:38;2024-02-04T19:42:42;FRENCH
6;2024-02-05T09:08:18;2024-02-05T07:25:42;SPANISH
7;2024-02-04T14:07:18;2024-02-05T06:48:40;SPANISH
8;2024-02-05T01:15:56;2024-02-05T05:12:54;SPANISH
9;2024-02-05T04:35:59;2024-02-04T16:15:58;SPANISH
10;2024-02-05T04:47:30;2024-02-05T11:22:41;ENGLISH
